,y_pred
0,0.24785462975756528
1,0.3315503551606244
2,0.6471281733019336
3,0.6944168123680277
4,0.3133250330719908
5,0.5769014488964377
6,0.17695105611462583
7,0.38883365013801596
8,0.735366207823644
9,0.4780166943145371
10,0.6337458588220696
11,0.4897616687744787
12,0.4087422617130171
13,0.21041563814726788
14,0.09263951342626067
15,0.49004144986540943
16,0.6063978479212788
17,0.5135583811302087
18,0.45780246004754954
19,0.4688151553759779
20,0.6531205304322018
21,0.15727380635735239
22,0.4143947710690543
23,0.5299800649440138
24,0.4590951018251942
25,0.06833915628555098
26,0.27498718787799137
27,0.6300519670034976
28,0.2569478855400178
29,0.46205828821787026
30,0.2936378297419924
31,0.45938440142250514
32,0.4019619673085345
33,0.19139970660680328
34,0.3691768634966077
35,0.47913631279429253
36,0.48395022970788726
37,0.5940386414992898
38,0.5176104868169116
39,0.498629025342493
40,0.4280439327214751
41,0.4150547217513807
42,0.4304458585765881
43,0.6598488219776306
44,0.15512247499998272
45,0.5460974549173421
46,0.5598030105610714
47,0.3675564016447985
48,0.23697747812352354
49,0.49496432987344496
50,0.4862888001130987
51,0.4611006029759678
52,0.44185275416678993
53,0.6223323371061438
54,0.6863603011117072
55,0.2949378561872113
56,0.7852576650746363
57,0.5215845033421984
58,0.5849773831350704
59,0.30597159772838095
60,0.4188174433329973
61,0.4951644859624491
62,0.9156180895847988
63,0.48450811448763165
64,0.6093128947875392
65,0.6741142199277897
66,0.5007478602781955
67,0.5249930728118934
68,0.4805694715675959
69,0.4486589361066162
70,0.4655473833215068
71,0.2419386213875394
72,0.7546379705358484
73,0.1686104753428384
74,0.4064258179014467
75,0.42026316380614315
76,0.49283457982228984
77,0.8023361375313094
78,0.3582318792745786
79,0.15343725339947978
80,0.30889895928972355
81,0.9729472730324473
82,0.663081851723335
83,0.3587854480763327
84,0.4184219505796545
85,0.2933616225917799
86,0.5585046590568088
87,0.5204925063904589
88,0.4575871850017167
89,0.20520934290416618
90,0.5534195956419079
91,0.39870612243964443
92,0.5423957585620585
93,0.37030258112129544
94,0.6929498851479036
95,0.2168097436521325
96,0.4956574412113003
97,0.5554508550234221
98,0.28912583000192627
99,0.34947708563294655
100,0.5829574891089381
101,0.4344284705294718
102,0.4739702696917406
103,0.5171766401077507
104,0.286572593688896
105,0.4878597214455379
106,0.3654098792070236
107,0.45843697927641675
108,0.719523073546706
109,0.4943697915834238
110,0.30131513335517124
111,0.5754910030293734
112,0.38076572768956646
113,0.270846792423636
114,0.43881516588208613
115,0.16651062066898026
116,0.5777391827766867
117,0.45705620855289275
118,0.5984963397608978
119,0.4162015296548558
120,0.3568113934350633
121,0.8456045418149959
122,0.3583189212264044
123,0.6120717316880141
124,0.4329936474931334
125,0.5190176385499441
126,0.2314916372859796
127,0.47593377612534826
128,0.42228177946935597
129,0.40323402564954614
130,0.4582430426246618
131,0.6770358302115747
132,0.17552035923852716
133,0.14622659672724456
134,0.29547562823560053
135,0.34579125163175817
136,0.4264873395323553
137,0.6965190776592548
138,0.3016597507471156
139,0.5919790800695144
140,0.5345345635068388
141,0.5017332589618672
142,0.1770155430927018
143,0.47484479978554617
144,0.45194093300676386
145,0.7805011018985464
146,0.7225141651953758
147,0.4825878661478572
148,0.548489328926653
149,0.24352714897084315
150,0.31333863934109396
151,0.250882352291998
152,0.6761987001164931
153,0.5204925063904589
154,0.3628408209485292
155,0.4340422528019855
156,0.45227463303004356
157,0.4445176366975154
158,0.17695105611462583
159,0.41785668062332976
160,0.5514770196485765
161,0.5015371913400442
162,0.4287064574341348
163,0.2836768704725505
164,0.36829633584167776
165,0.35683236452833167
166,0.557562951231618
167,0.2619297276324504
168,0.12792240816128878
169,0.23945276695043005
170,0.3450430005778866
171,0.3450430005778866
172,0.7212972283564774
173,0.7648270408118258
174,0.5101541746645912
175,0.556614578272293
176,0.3138606372756947
177,0.4295043052119705
178,0.3037331631872484
179,0.8227328772626974
180,0.6449251601327429
181,0.48129597593226175
182,0.8853557269447326
183,0.8106968242108602
184,0.5185765594349925
185,0.34520440338389524
186,0.4047439424581632
187,0.7888308337167313
188,0.4726944695865656
189,0.5943226036307405
190,0.5624873832440547
191,0.7266045728356676
192,0.3162829318568062
193,0.5950962389193116
194,0.8077819252502544
195,0.39437729330448185
196,0.27620046194064035
197,0.273321733742503
198,0.7312721849691186
199,0.5198525313947063
200,0.4420462310168187
201,0.7979306170139733
202,0.49736081221402895
203,0.3718418636420764
204,0.5698380164156791
205,0.6996231267560696
206,0.1918145270185217
207,0.4825070610777936
208,0.5675473448981516
209,0.44721891918308826
210,0.4624570442828727
211,0.30281329776335564
212,0.23692119916190268
213,0.43449083907947095
214,0.5487229233057374
215,0.5007603206362841
216,0.2794074140466304
217,0.5497052723426775
218,0.29140733960215276
219,0.07831054318814148
220,0.30814921628144265
221,0.40085787682932683
222,0.6029017067337374
223,0.305364724449654
224,0.699386813171921
225,0.8365046394066227
226,0.513545001798535
227,0.4860559994544359
228,0.2918091550983888
229,0.34590669990663325
230,0.4472157780188584
231,0.5704476063489277
232,0.28674701310845885
233,0.3527672964201639
234,0.488816834534299
235,0.12934689993800352
236,0.6234702600302371
237,0.6712931270965733
238,0.2749467005813758
239,0.5439736216680482
240,0.5403537066866235
241,0.5789592419611671
242,0.5732787874664066
243,0.5569990049060027
244,0.4361821583177439
245,0.5080756269288237
246,0.12145408413650412
247,0.44727033909255653
248,0.3008807273003977
249,0.39178614170460724
250,0.4842546430371893
251,0.159538028743881
252,0.33390309464606405
253,0.23076871793247933
254,0.27416836121931554
255,0.1540918767542746
256,0.4800771434104828
257,0.5339125660009361
258,0.4247238369275029
259,0.4320697805087864
260,0.5440567679059551
261,0.7444405824628852
262,0.5823136386441695
263,0.1028299638159699
264,0.21024642438182117
265,0.42228177946935597
266,0.5615530718049728
267,0.14913844646024776
268,0.5877928794332865
269,0.6272390875019311
270,0.3102593474126627
271,0.5158464920981323
272,0.4109545439619434
273,0.454743934664197
274,0.4487523135033874
275,0.6688945507864001
276,0.3245953706893806
277,0.438985948188351
278,0.48322887686143745
279,0.8737724981128534
280,0.6285435500913235
281,0.2236351437129555
282,0.5345628361942616
283,0.26844801334774576
284,0.4155868998989931
285,0.15910678867978342
286,0.1691429658763695
287,0.33604476445157383
288,0.15208371316028235
289,0.8441967275919575
290,0.5272431398644352
291,0.4990289118354626
292,0.23154239432933574
293,0.46357064322336816
294,0.4251702724179825
295,0.8591446791573341
296,0.14221851624037085
297,0.5860184804162849
298,0.390922184919515
299,0.3257344197205676
300,0.14805708689703706
301,0.5009820899459779
302,0.30165197076765216
303,0.42561475868360615
304,0.5527715941720018
305,0.4529826092796554
306,0.20786644810155214
307,0.44611916957276376
308,0.5565932887974948
309,0.4362771188785341
310,0.3837005117718712
311,0.2993958331198377
312,0.3953808497580532
313,0.3250187871722062
314,0.4675139494764844
315,0.514188519749041
316,0.49646717744511015
317,0.2396624690674525
318,0.4996193994888942
319,0.24032222149571403
320,0.452758314235831
321,0.5638928405085868
322,0.26758122399347367
323,0.6629746293313199
324,0.4669935143178813
325,0.4554379069964759
326,0.8228931717337048
327,0.49179783258958026
328,0.3284368177673777
329,0.48744564094185977
330,0.49499673844792136
331,0.7828508317803176
332,0.3206626288971359
333,0.505280350003438
334,0.7296645212931435
335,0.38174710083313584
336,0.32441629436020814
337,0.3914514799076742
338,0.47305856390134127
339,0.23040690313944773
340,0.4668181966255152
341,0.4590951018251942
342,0.42228177946935597
343,0.49596044395515426
344,0.41499609180423563
345,0.5219701263677392
346,0.799482053466034
347,0.4023015283819811
348,0.1339071322189206
349,0.3899139527922539
350,0.2135766409931475
351,0.6268902308633629
352,0.5483144932394552
353,0.6369764299337879
354,0.18543511015573233
355,0.2370875637189978
356,0.6626436171319987
357,0.2962997091271521
358,0.3034493428257917
359,0.27419503039195864
360,0.511000518257064
361,0.6114316405506063
362,0.5815980337091873
363,0.6751154765916582
364,0.23310873973741664
365,0.38883365013801596
366,0.3222323855277013
367,0.7417422425250628
368,0.6164734977035626
369,0.6486611525566877
370,0.13524626064248982
371,0.4759938127166067
372,0.45949211179830585
373,0.22393359350173697
374,0.3117124788931691
375,0.39882135440150834
376,0.23758271905708456
377,0.49667725184046213
378,0.31750589612003155
379,0.49612001990085786
380,0.6896311804100838
381,0.4018740236136559
382,0.2582125007729637
383,0.48680979561104687
384,0.6052643316445483
385,0.32657065140304375
386,0.5091468960679625
387,0.48381411805386954
388,0.7320478762927092
389,0.6808235379603403
390,0.5784495794582942
391,0.548489328926653
392,0.4731900180216031
393,0.8563078055325677
394,0.18308042437182112
395,0.8334289539048878
396,0.13917801759418785
397,0.4479507292559751
398,0.40196256751502824
399,0.4961254956678979
400,0.41351982906348844
401,0.4478085169630849
402,0.6222161093827767
403,0.7236469135674666
404,0.2629751348690187
405,0.6383259344696575
406,0.59107748061484
407,0.4238751375809139
408,0.35755878714273615
409,0.333879453057046
410,0.5446827438438757
411,0.5600682497362136
412,0.587183202158531
413,0.4512293512477631
414,0.23354482617182537
415,0.4236967395802966
416,0.483547941393307
417,0.7076645160925796
418,0.7389563439263509
419,0.534528700867974
420,0.7568718314252929
421,0.8093659320846085
422,0.2477256153910548
423,0.26418997767539953
424,0.6197331165153532
425,0.690051611413488
426,0.21359984867455722
427,0.22694217503445036
428,0.45314362884897774
429,0.4890869088691602
430,0.38062751666816286
431,0.7457657948475638
432,0.4981658923169332
433,0.4413718687573336
434,0.4864649819742609
435,0.432322003227426
436,0.24075910635737255
437,0.5662974324833788
438,0.5694830934963853
439,0.5996027197739995
440,0.15112243474912845
441,0.4530273040437689
442,0.8493781943216603
443,0.3765642454414326
444,0.1635270887162823
445,0.8058699224990845
446,0.3228105432508786
447,0.07329763832625029
448,0.45437970221965107
449,0.35666135964954104
450,0.41779503118022043
451,0.34020454716563314
452,0.5253863040815399
453,0.4665678909033023
454,0.5997332389107937
455,0.38055035814775195
456,0.5251083248262762
457,0.4656966183148326
458,0.6273497616753345
459,0.9162785443247647
460,0.17695105611462583
461,0.801340156311017
462,0.5173602428989168
463,0.24697779716775892
464,0.32639011636647364
465,0.6051090626825706
466,0.4449555283924515
467,0.443679393708503
468,0.6056788979961751
469,0.6199942971599199
470,0.649123913173274
471,0.579638889636579
472,0.5635445022813248
473,0.3551611420009272
474,0.24613831272794073
475,0.24841576856263017
476,0.4018740236136559
477,0.3834332801479403
478,0.4256450559888211
479,0.45822284469393687
480,0.6345928237656377
481,0.20800067407137493
482,0.09403440111071809
483,0.5916334883667174
484,0.38381257031995797
485,0.8750746664084995
486,0.37174883389224755
487,0.4478085169630849
488,0.4943697915834238
489,0.46519091997891826
490,0.7542613509534719
491,0.49096528274753104
492,0.5150218204122292
493,0.4478085169630849
494,0.5563389997216113
495,0.8127943721646411
496,0.5608311622796068
497,0.505280350003438
498,0.4117088542487913
499,0.4797864531787742
500,0.43398982742371295
501,0.40287377837639393
502,0.535910390430674
503,0.284443197915653
504,0.47122032205630415
505,0.4190959151430864
506,0.484495707545623
507,0.4943697915834238
508,0.6146712771727234
509,0.31634878331347005
510,0.5525541028913108
511,0.5706781673861989
512,0.6162592196121635
513,0.35612011023585205
514,0.5542695815027906
515,0.22797972543672965
516,0.47217374632444464
517,0.858700683718185
518,0.3177661369477409
519,0.42902952147044726
520,0.5215744488812133
521,0.5024001890101031
522,0.2183503094041962
523,0.41339739154335997
524,0.4125715168153072
525,0.5825218455642436
526,0.6502061849389986
527,0.3444730520255509
528,0.5132279932323518
529,0.45810761640274694
530,0.7853538111877195
531,0.41240479146600256
532,0.6598253762633468
533,0.5185765594349925
534,0.47226469472864124
535,0.38883365013801596
536,0.49189702105386035
537,0.9614680177437019
538,0.2305487035447671
539,0.3104972256253009
540,0.45780246004754954
541,0.5566808001001609
542,0.5928395695395645
543,0.7630636436248293
544,0.46187480209010434
545,0.526885295048473
546,0.34952445748338834
547,0.35868709904964
548,0.40370576571848726
549,0.22404884122217786
550,0.43510876881202826
551,0.45194093300676386
552,0.5616462620578997
553,0.15000606375066572
554,0.6043703979143484
555,0.5509761718594066
556,0.42053429142718535
557,0.5158464920981323
558,0.9068409641638144
559,0.2514999887637905
560,0.20674738409430543
561,0.8750669133424176
562,0.4167176179918152
563,0.3526735048641423
564,0.7756698045415504
565,0.2954769732678302
566,0.41145070568967684
567,0.82121294892076
568,0.564140266914578
569,0.30341949655070855
570,0.26755718919604177
571,0.4762695084103109
572,0.23998869901664183
573,0.3675564016447985
574,0.4552121383346437
575,0.10709214762746361
576,0.621947845911393
577,0.23753388324136776
578,0.47016788309917323
579,0.7212109115985706
580,0.21289258430353827
581,0.40053163884602616
582,0.3684105823496278
583,0.30296238010499016
584,0.536195794857995
585,0.6217696243140318
586,0.3406226903924452
587,0.39139518188466127
588,0.5874679710609516
589,0.363419671895743
590,0.4193013478151444
591,0.6231843553003918
592,0.41069469686516547
593,0.4995560778767859
594,0.4538415384977553
595,0.35666135964954104
596,0.52373632513569
597,0.2187732885669796
598,0.6383232658397283
599,0.6678763210804859
600,0.44801477124770706
601,0.3686088663779893
602,0.5011314870843696
603,0.26881262381058535
604,0.4495119101033689
605,0.3798499951174052
606,0.4246254824127739
607,0.484495707545623
608,0.8076953245215897
609,0.36666311886662784
610,0.29534541462066755
611,0.8016906234747964
612,0.602333701065892
613,0.23078340225934776
614,0.17187935582073868
615,0.608397878249058
616,0.6968308964507164
617,0.5210764318652543
618,0.07586187373240388
619,0.22839044308189477
620,0.2233950011775071
621,0.42228177946935597
622,0.4185472967255008
623,0.43564861206346184
624,0.42577513938930345
625,0.6311372639905904
626,0.4278217407731616
627,0.13751554111454245
628,0.20859424542301247
629,0.44855026710369494
630,0.37317860698733674
631,0.2924752603295518
632,0.2376121513329575
633,0.4854490510503222
634,0.5653518203062402
635,0.5666580942181955
636,0.810259468457684
637,0.4108245926544291
638,0.4079525229101363
639,0.41915564380483894
640,0.4518639014318526
641,0.3557795390540899
642,0.49857299073003497
643,0.3356625242165827
644,0.4961254956678979
645,0.7673485724200458
646,0.31534128999594724
647,0.5213638663511112
648,0.4167176179918152
649,0.8326539126445984
650,0.4933238657689141
651,0.4045154873964231
652,0.41651766876188207
653,0.5076814737267218
654,0.22119945864105794
655,0.45989818135142446
656,0.8447290583722127
657,0.3385775877049624
658,0.8102101080967975
659,0.13055829324151397
660,0.5970612423818862
661,0.4814760397607449
662,0.361837548636308
663,0.6709744794815488
664,0.31632006309209537
665,0.4590951018251942
666,0.3146231071553952
667,0.4349930507660902
668,0.37768445367675074
669,0.20746729372685935
670,0.3055330634514902
671,0.58110945829955
672,0.5289954328962191
673,0.337525237225591
674,0.35841239406385655
675,0.42228177946935597
676,0.7220637094360889
677,0.3230299581245908
678,0.42482008304531765
679,0.4251702724179825
680,0.293850874081772
681,0.6076085172687619
682,0.49866666606016136
683,0.3708158525182248
684,0.22984659549717168
685,0.6603371701981574
686,0.5683314821419503
687,0.42991452126257135
688,0.47525208351373066
689,0.623239373672
690,0.15688555222169334
691,0.20213478256715253
692,0.584171062578942
693,0.47057372024704447
694,0.45894988872132425
695,0.3138001495965526
696,0.7216431248046129
697,0.5389630066844436
698,0.6725199494856438
699,0.361602235646935
700,0.571495829687038
701,0.5297905805895595
702,0.34075803689587325
703,0.49628979204888934
704,0.7009612069215971
705,0.4829803245351617
706,0.33446228463406735
707,0.22459842397692348
708,0.9087536867978263
709,0.43748614182322143
710,0.46519914674610674
711,0.7185538757606744
712,0.5632599988970521
713,0.06496017674074352
714,0.4601155258136199
715,0.46964370971271896
716,0.35285557974528803
717,0.41818091164044174
718,0.47238520333668643
719,0.5577099927310603
720,0.1870856096470363
721,0.3660652297042567
722,0.2650709932316218
723,0.36635815379809344
724,0.3521341780987634
725,0.3171903080421298
726,0.592161454174031
727,0.541469644628978
728,0.4704244710629194
729,0.4731278309299609
730,0.21857378120865278
731,0.5540975678582325
732,0.414799819129147
733,0.4264873395323553
734,0.4662177170688334
735,0.35751452591523897
736,0.3339852045918319
737,0.33617821599144887
738,0.32837341237863293
739,0.5159938421300789
740,0.8026139080948109
741,0.9489935952498577
742,0.5298263818808121
743,0.580435959272332
744,0.23125522932272344
745,0.534528700867974
746,0.18392593522031694
747,0.5329051239916898
748,0.6985275201199326
749,0.4772298138566237
750,0.4108245926544291
751,0.3048838760234057
752,0.24697779716775892
753,0.65854878862318
754,0.902564240494687
755,0.49613867772867415
756,0.1456499071785547
757,0.33515074786556065
758,0.45949211179830585
759,0.5094899021903947
760,0.4274203946799552
761,0.5917970728401076
762,0.4587561185589013
763,0.443679393708503
764,0.520200793486114
765,0.3481311929124598
766,0.38812578324819685
767,0.562370310041552
768,0.3244601547187189
769,0.10045146430454596
770,0.31632006309209537
771,0.7190487995589738
772,0.2116369916439116
773,0.5329895350401501
774,0.5197630864898208
775,0.8759903031690078
776,0.6664261743652724
777,0.20885898223726024
778,0.45363312973940223
779,0.30843629796851074
780,0.5759954054495353
781,0.3181424345552437
782,0.4962092645203454
783,0.500347203857848
784,0.3492875019896153
785,0.39009512946926705
786,0.7318547486729263
787,0.3138001495965526
788,0.4575250678906846
789,0.367903625567251
790,0.4782168508294603
791,0.4392740352046147
792,0.19694704613645025
793,0.5782773732008463
794,0.46257731285046183
795,0.2827418384193719
796,0.4190526544348748
797,0.588072869196169
798,0.16906163391600587
799,0.4403221285301141
800,0.49048295687280974
801,0.3652616722487053
802,0.11864863716568219
803,0.49628979204888934
804,0.465405476714984
805,0.40039608084648454
806,0.49981535120920584
807,0.3904332516166876
808,0.7929655809430325
809,0.6265066698487125
810,0.7601991043549011
811,0.41147385890131977
812,0.17137030294441663
813,0.402809988499681
814,0.14778676083404912
815,0.564835137915841
816,0.6129054835644232
817,0.21825379095433867
818,0.23936018931553177
819,0.46983839414754475
820,0.3963818550850604
821,0.4229426579975718
822,0.3058109606535589
823,0.17137030294441663
824,0.24555458562435706
825,0.1891679456739373
826,0.5007478602781955
827,0.6101808488945264
828,0.3474992707189839
829,0.4995776592501875
830,0.38649068223225713
831,0.8309642560524484
832,0.12401270673777862
833,0.5465114578217143
834,0.10214707729602185
835,0.520631147464889
836,0.3915289543875057
837,0.3644638671881959
838,0.5744192676540273
839,0.24343684387902276
840,0.4590951018251942
841,0.5486961297492181
842,0.13738007049294468
843,0.30485513220008253
844,0.4921784748971303
845,0.4796407139235636
846,0.8621399240975541
847,0.7368847089711945
848,0.3829846582353822
849,0.5188962124870204
850,0.15826552210288927
851,0.24197380985224115
852,0.5041386186550404
853,0.46468003639688105
854,0.4236967395802966
855,0.410547620246204
856,0.2537829398407472
857,0.33725018388053457
858,0.07766773373066274
859,0.26522755418564403
860,0.6129842294006043
861,0.49264564043950976
862,0.5801641979841075
863,0.5103832468460711
864,0.1901800705129158
865,0.3419173108147348
866,0.305364724449654
867,0.531300330050263
868,0.9380613777593183
869,0.26536527701578677
870,0.5052905508303025
871,0.30695004665618114
872,0.2967091304308142
873,0.4607074081248955
874,0.45561924416390415
875,0.34947708563294655
876,0.0912515348003653
877,0.5314424219188727
878,0.5188962124870204
879,0.25841783833899024
880,0.3986511999325865
881,0.3053801330118816
882,0.290562807450336
883,0.6464244773351768
884,0.4234458241296874
885,0.29637931493180825
886,0.7392530430833147
887,0.48744564094185977
888,0.6512609967659928
889,0.255834054310653
890,0.5937220405796737
891,0.6861656285844904
892,0.32679766424711065
893,0.445121727541982
894,0.40622375969670094
895,0.2898707501655732
896,0.3476532694071215
897,0.7810498185882246
898,0.5158345190679454
899,0.3669244122545164
900,0.5100404128084268
901,0.8396912576568012
902,0.5923526213718275
903,0.7462308486356867
904,0.1923373604015865
905,0.34954469631348395
906,0.4064805638556165
907,0.3048838760234057
908,0.27579792786870544
909,0.479328485764245
910,0.5795040168633521
911,0.6304552893454423
912,0.6652841342660988
913,0.1763647077057336
914,0.5293840890464074
915,0.6084613968985251
916,0.4140639814492537
917,0.5576922533057833
918,0.31082720557009114
919,0.542791602369241
920,0.7398466949221656
921,0.3756597983397709
922,0.22912723357295717
923,0.8012268380128837
924,0.4951644859624491
925,0.33572586298412754
926,0.22917308615611842
927,0.4480189976022074
928,0.2841589019165735
929,0.7292364182316917
930,0.517677272079829
931,0.7521266210549621
932,0.493080414417979
933,0.37778275682339
934,0.4390068143763249
935,0.6445330876621312
936,0.5465057150230217
937,0.3806406218563251
938,0.5436638750303707
939,0.41976386194505894
940,0.47484479978554617
941,0.455063194843436
942,0.5989982975623145
943,0.527947591324766
944,0.6231843553003918
945,0.9146395259147626
946,0.3924033798847868
947,0.23898742751276983
948,0.5625715860852291
949,0.19170244192079833
950,0.7516364503300497
951,0.4395974582113586
952,0.4825878661478572
953,0.36846541934102994
954,0.4201888571615641
955,0.23012221858461054
956,0.3037331631872484
957,0.5219186965368645
958,0.5430379992739238
959,0.4818932419902838
960,0.2800396746696242
961,0.4614528143977757
962,0.38854942657616576
963,0.5675473448981516
964,0.1437003416648191
965,0.7477815369197326
966,0.35519545143716313
967,0.6216761333615254
968,0.5717152253197548
969,0.5911923686100042
970,0.17163596054141622
971,0.42745948527857425
972,0.25297361027727117
973,0.31632006309209537
974,0.41543531262915534
975,0.49720860631012853
976,0.28562839948170177
977,0.5076787579677
978,0.7080165019905855
979,0.36829633584167776
980,0.4178508190075443
981,0.37438956136231166
982,0.47048914617370985
983,0.9168821001289154
984,0.5198525313947063
985,0.5695505948181768
986,0.34072776525294546
987,0.44901348567702754
988,0.48456030720037124
989,0.11245783901473172
990,0.6242418389761919
991,0.42740669748243887
992,0.6473785656309827
993,0.32861360060346756
994,0.6596958698704847
995,0.45800254106544225
996,0.3994354198568691
997,0.4695323465701451
998,0.4454368788194182
999,0.4962054525099763
1000,0.5427814274002054
1001,0.2899317558721013
1002,0.32724225869549356
1003,0.19840850851522204
1004,0.31532862671259343
1005,0.511000518257064
1006,0.46433419323839864
1007,0.30401542854586555
1008,0.3246508620932069
1009,0.424622905571279
1010,0.5076787579677
1011,0.5093585646706518
1012,0.14492398978575777
1013,0.37239489690702543
1014,0.835181591130384
1015,0.3450430005778866
1016,0.44832698101020235
1017,0.42645493617369246
1018,0.4873271290544964
1019,0.8317706093791992
1020,0.407615569915804
1021,0.2543977270043769
1022,0.42561475868360615
1023,0.19350078083662292
1024,0.5492333709761286
1025,0.37027271621601054
1026,0.17098723549937894
1027,0.373236973254555
1028,0.2944282940676194
1029,0.4820478221956
1030,0.37820192361268257
1031,0.3700393957581727
1032,0.2604862863167974
1033,0.13550602408550694
1034,0.6435597954381913
1035,0.42616268669900403
1036,0.17340272130089696
1037,0.35751452591523897
1038,0.39938668496349455
1039,0.44925758629900286
1040,0.4297318804399246
1041,0.49577232146902617
1042,0.41413072048825605
1043,0.3160092157012985
1044,0.7519005719570347
1045,0.5175451591914397
1046,0.47272779706141516
1047,0.7129474411265597
1048,0.47191342586887697
1049,0.5309382723610461
1050,0.15830112895249268
1051,0.4099019823436756
1052,0.32778306772202137
1053,0.5168068691466849
1054,0.42346180563383046
1055,0.48670470304824454
1056,0.8367795676363804
1057,0.2806479286377955
1058,0.24503936779285979
1059,0.3309099263344121
1060,0.1148388963543174
1061,0.6932718924539581
1062,0.7553663154495456
1063,0.15161819079505945
1064,0.5081636146072172
1065,0.6309218460860253
1066,0.4877859442327439
1067,0.3008202703983355
1068,0.45820744457434825
1069,0.5324532539991966
1070,0.23523761849482125
1071,0.4825878661478572
1072,0.3061847438326452
1073,0.34615779063683993
1074,0.580435959272332
1075,0.3276036672699397
1076,0.28576011370352095
1077,0.4731900180216031
1078,0.49475914203785476
1079,0.6467962552452169
1080,0.3872872527266098
1081,0.3204818523741348
1082,0.5519700381471055
1083,0.4833748103880766
1084,0.8297010154147579
1085,0.6968721294262736
1086,0.4459070368815873
1087,0.528347643111206
1088,0.5224067181281928
1089,0.6659435091279968
1090,0.420734227973263
1091,0.45333540022185803
1092,0.676278695182563
1093,0.886613773355241
1094,0.16477969653373836
1095,0.6355101112321748
1096,0.447549979533422
1097,0.5313944979191334
1098,0.5183544984094592
1099,0.5543272543240785
1100,0.42616268669900403
1101,0.10916292224584082
1102,0.5001395949094394
1103,0.41915564380483894
1104,0.47256366076954104
1105,0.42240401406826794
1106,0.4680625073102639
1107,0.3862967134954329
1108,0.5053219949023243
1109,0.42224386431617134
1110,0.2972519375660277
1111,0.21293431027619025
1112,0.3897417973882497
1113,0.6042024121221294
1114,0.4117720497607428
1115,0.5663204059879492
1116,0.33703993074902594
1117,0.5151481181900286
1118,0.8866751838612814
1119,0.38565386215699493
1120,0.4949355851907057
1121,0.8633151565322281
1122,0.21478255696747472
1123,0.2962997091271521
1124,0.8329114847888979
1125,0.3350654187295464
1126,0.31814451925455933
1127,0.4246254824127739
1128,0.34531382371204056
1129,0.26055801378335386
1130,0.47087001048564825
1131,0.20137490604625907
1132,0.40419333888942177
1133,0.5075037836774632
1134,0.20746729372685935
1135,0.3632286577872669
1136,0.6255842780072587
1137,0.7593973789049429
1138,0.5519320095741426
1139,0.9130251187161391
1140,0.4863326359822304
1141,0.4982517186385358
1142,0.5214498395035719
1143,0.49720860631012853
1144,0.830263538634715
1145,0.41398457579066733
1146,0.4614078466059426
1147,0.24180752070890937
1148,0.358045874039274
1149,0.5952642325507655
1150,0.7811668715847362
1151,0.4721227632836088
1152,0.4276984685995938
1153,0.2809769921030868
1154,0.3459126335413255
1155,0.2068665228486477
1156,0.410076396168256
1157,0.4788285751589493
1158,0.1611196789335884
1159,0.4480339130860024
1160,0.7730820383337329
1161,0.3792674642921655
1162,0.41676140945155515
1163,0.19818929084895345
1164,0.7953297249218003
1165,0.27497995561635946
1166,0.5061579927463737
1167,0.514188519749041
1168,0.538660273000862
1169,0.5351120876392839
1170,0.3789360556307907
1171,0.4971632788027741
1172,0.5925267412367595
1173,0.3260869379532506
1174,0.9180546854734337
1175,0.42798017176422787
1176,0.23024139922394699
1177,0.5033452358130159
1178,0.44611916957276376
1179,0.7447117705638107
1180,0.34579125163175817
1181,0.2670829403766519
1182,0.27685501408030844
1183,0.4215760730135746
1184,0.5845381911260852
1185,0.19516967511277755
1186,0.2576137013803035
1187,0.6060308867679018
1188,0.48851719719861025
1189,0.4891169348761838
1190,0.4587506097321339
1191,0.3818158651764908
1192,0.6579173442239521
1193,0.4995560778767859
1194,0.1952937580493216
1195,0.5688919446214217
1196,0.5907745046154811
1197,0.9410590175793946
1198,0.45949211179830585
1199,0.9067332394901528
1200,0.3450430005778866
1201,0.4951644859624491
1202,0.43378002204671906
1203,0.5226450495814154
1204,0.46714025716464225
1205,0.5310370486615624
1206,0.5170666251999504
1207,0.31243579717118686
1208,0.4402174389048
1209,0.28888150718877403
1210,0.656968285115416
1211,0.4639020169809096
1212,0.17465836439104895
1213,0.2916843978146813
1214,0.43510876881202826
1215,0.44981280424142805
1216,0.5788000554444916
1217,0.5639323223465514
1218,0.3804022251348232
1219,0.551625389565586
1220,0.5077666517880806
1221,0.35888646774360033
1222,0.6409790166903262
1223,0.4090849552756522
1224,0.5077685636922625
1225,0.5738266835857029
1226,0.18600000694050342
1227,0.3020739881762298
1228,0.6065119917498647
1229,0.41499609180423563
1230,0.44184249906536865
1231,0.14071237195717803
1232,0.4069299571219074
1233,0.20235340405883617
1234,0.2406075927435427
1235,0.5768832897372719
1236,0.48171864660772
1237,0.21615073372310883
1238,0.4233778091991483
1239,0.5024001890101031
1240,0.6440468399119739
1241,0.5627441999383798
1242,0.43010957306807124
1243,0.622012271894619
1244,0.5099047209321275
1245,0.4989154265977135
1246,0.5778932408774275
1247,0.29895869777709544
1248,0.48084368330037924
1249,0.6378462921289331
1250,0.5615530718049728
1251,0.5795682238651538
1252,0.8363786546742882
1253,0.613170693167119
1254,0.19141434909082702
1255,0.26336932192719714
1256,0.3368864178490474
1257,0.6631128375816635
1258,0.4240812127198167
1259,0.5137067299536966
1260,0.6546502427828962
1261,0.37536770624170973
1262,0.4553430857075922
1263,0.2927356140571732
1264,0.5823046270906211
1265,0.5316075060636645
1266,0.2849357803671261
1267,0.8167667504861604
1268,0.9744620869093128
1269,0.21449739134069817
1270,0.24629206213318805
1271,0.4509160445146416
1272,0.4392003114715789
1273,0.6137165375276068
1274,0.29531924116481234
1275,0.34833091186572973
1276,0.5281986206853382
1277,0.2923444489906356
1278,0.502750815495584
1279,0.5698836145749446
1280,0.5829561733551615
1281,0.42995386709202277
1282,0.2390040147908225
1283,0.369321276800217
1284,0.42575214567657704
1285,0.4943697915834238
1286,0.5788860053070213
1287,0.34676369736016865
1288,0.40323402564954614
1289,0.5036875089741476
1290,0.2879348430745537
1291,0.645567682312578
1292,0.3368864178490474
1293,0.36635079949272653
1294,0.6473068075433381
1295,0.4682446482841002
1296,0.4248346842106513
1297,0.2537420174810747
1298,0.5622625075205845
1299,0.3466098026728058
1300,0.4255556735122333
1301,0.4144939535000041
1302,0.4515036584354847
1303,0.48256121733020896
1304,0.29579764801836694
1305,0.39161392491952185
1306,0.5100404128084268
1307,0.6763095789524206
1308,0.5107064633573888
1309,0.4995890952985096
1310,0.4773998466887991
1311,0.6978542821464823
1312,0.45888950365818515
1313,0.28215776229386197
1314,0.742973851583451
1315,0.27420667377238117
1316,0.14492398978575777
1317,0.3246508620932069
1318,0.48052094190502714
1319,0.45780246004754954
1320,0.09317301593769213
1321,0.20612218459876797
1322,0.7155362517695373
1323,0.2553486067548553
1324,0.39440511651575905
1325,0.44885608880201794
1326,0.5310370486615624
1327,0.4982517186385358
1328,0.49189702105386035
1329,0.24399745999612923
1330,0.3189946035034792
1331,0.484173561480353
1332,0.6027448033027478
1333,0.5581948530672582
1334,0.4808407632665097
1335,0.41368937429758856
1336,0.5252714007350969
1337,0.4392740352046147
1338,0.48543883982078234
1339,0.7970228271393942
1340,0.7062035863968256
1341,0.43352938635581384
1342,0.4495102078753899
1343,0.40102328935839165
1344,0.4613912131516561
1345,0.4804364285074917
1346,0.5439736216680482
1347,0.6416893322757715
1348,0.2294312121764086
1349,0.28215776229386197
1350,0.4267024837910986
1351,0.6093210454170215
1352,0.24555458562435706
1353,0.1282741219839149
1354,0.30724882289451233
1355,0.3074742938914736
1356,0.7445474751287762
1357,0.7518594980465472
1358,0.7271253934575479
1359,0.6836887281245404
1360,0.35368466808131926
1361,0.23692119916190268
1362,0.6845195941691316
1363,0.4710967884900731
1364,0.48173914589218514
1365,0.1650393146679575
1366,0.5238395413821659
1367,0.9147613008918309
1368,0.768463160847541
1369,0.4900461206228439
1370,0.20738837680388303
1371,0.48851719719861025
1372,0.5296100244334243
1373,0.46835624902446693
1374,0.3652616722487053
1375,0.5404041740863323
1376,0.3497608886332978
1377,0.2433536715738247
1378,0.5768413793401911
1379,0.1518555669526162
1380,0.30156238366048915
1381,0.5221164712215501
1382,0.6445335746504324
1383,0.5831482427829744
1384,0.5022148620676966
1385,0.37828490927990677
1386,0.5119605497885923
1387,0.5639903989833752
1388,0.45324928574946144
1389,0.5955015258811758
1390,0.7656342706193752
1391,0.1655247701258539
1392,0.4662216267903063
1393,0.45663196868699985
1394,0.25876199809133016
1395,0.4026591158079573
1396,0.5033602701491737
1397,0.11424756670439618
1398,0.4533798723601935
1399,0.21271734399134104
1400,0.5052956803325478
1401,0.22590201148797523
1402,0.22790702609845048
1403,0.13805130777562014
1404,0.7671403601902669
1405,0.26903374853604456
1406,0.22198788962908636
1407,0.485100818422307
1408,0.18514454172719225
1409,0.0849885384665075
1410,0.5771333308968114
1411,0.5836303676087493
1412,0.2695273905548878
1413,0.2667537651721737
1414,0.8495291192302279
1415,0.709037412140943
1416,0.4131505056425253
1417,0.34531382371204056
1418,0.7431882742360075
1419,0.423880744336042
1420,0.6288294069647653
1421,0.4784013460347896
1422,0.38974751648879036
1423,0.5459667023052779
1424,0.34531382371204056
1425,0.17695105611462583
1426,0.49416451645266973
1427,0.5376872470296902
1428,0.24153000650680329
1429,0.20727876867778966
1430,0.827412348634158
1431,0.6495156091853107
1432,0.4297318804399246
1433,0.4023015283819811
1434,0.5257284793687922
1435,0.6325492706229219
1436,0.4587561185589013
1437,0.4645951686275976
1438,0.5572908171259733
1439,0.6965391189803964
1440,0.8336959794262719
1441,0.4781368513432308
1442,0.5927901350077494
1443,0.3053801330118816
1444,0.6640694429564862
1445,0.5791476166839207
1446,0.5732497045434053
1447,0.37647425362379006
1448,0.4117258161906354
1449,0.5763665013661309
1450,0.7981892254375083
1451,0.5244719647475098
1452,0.4395974582113586
1453,0.6371398647166095
1454,0.3804022251348232
1455,0.40102328935839165
1456,0.3986511999325865
1457,0.33275769899909846
1458,0.18220524855163384
1459,0.417997938452219
1460,0.4806335126771439
1461,0.5788568833657752
1462,0.42256769799821947
1463,0.7703888583858242
1464,0.14062274539636593
1465,0.8492013914785649
1466,0.5573026133816288
1467,0.8688488886599183
1468,0.23154239432933574
1469,0.23020749686378006
1470,0.8339444671040586
1471,0.4361821583177439
1472,0.23396420492033576
1473,0.2864392965923275
1474,0.4444489364981554
1475,0.6838877009638997
1476,0.17176561110189517
1477,0.501299957939467
1478,0.4618596636187311
1479,0.5071204456405457
1480,0.2949832654783112
1481,0.2783051207494125
1482,0.41325225282787736
1483,0.37944253687952584
1484,0.5593289476632255
1485,0.5547172407828715
1486,0.5281362036636168
1487,0.4842708241278954
1488,0.42651290841981543
1489,0.746519357074622
1490,0.17273533622221243
1491,0.44611916957276376
1492,0.5323641859830772
1493,0.4743209178024631
1494,0.3453559662957618
1495,0.27910095142947144
1496,0.4829803245351617
1497,0.5666241588800474
1498,0.46294945857776026
1499,0.5698157526633204
1500,0.4018740236136559
1501,0.2598039024277462
1502,0.543627624935057
1503,0.5259610853329402
1504,0.23342791127447812
1505,0.4879772890447472
1506,0.6357912512558221
1507,0.5259610853329402
1508,0.48569818002712617
1509,0.47445446653528783
1510,0.6720035160192649
1511,0.5199716471858035
1512,0.3931612953898823
1513,0.47835955210872333
1514,0.5571953818862583
1515,0.4783236897038943
1516,0.5219186965368645
1517,0.40306285824946325
1518,0.5838159844732109
1519,0.4605026042360495
1520,0.5055422766249335
1521,0.5853643518807624
1522,0.5068166054358323
1523,0.26113986537465583
1524,0.20459056866787062
1525,0.17448358382142026
1526,0.46701313878328343
1527,0.47870222841528937
1528,0.1593057112964532
1529,0.7253060900663317
1530,0.39276324645194505
1531,0.7538219426247338
1532,0.16498386896786632
1533,0.6457174837030335
1534,0.1921065537161577
1535,0.3404022748347098
1536,0.48129597593226175
1537,0.5036875089741476
1538,0.14449091279027543
1539,0.6730414110683501
1540,0.27874972555333377
1541,0.6657394605616055
1542,0.23282234013949704
1543,0.23491086051610394
1544,0.6809824988129094
1545,0.5497052723426775
1546,0.6225537850633325
1547,0.5234650063132892
1548,0.4010365594777865
1549,0.34060453080309805
1550,0.47588774101902565
1551,0.16591683319509146
1552,0.454535309625571
1553,0.3985321932731758
1554,0.518051306486544
1555,0.3280895727090031
1556,0.2962997091271521
1557,0.471591206696276
1558,0.3637311024647864
1559,0.5704476063489277
1560,0.5931429114644872
1561,0.5001048285001287
1562,0.3938496267525808
1563,0.6496873480184833
1564,0.37536770624170973
1565,0.36955963240549694
1566,0.3112708714339782
1567,0.24759736854408293
1568,0.39979396716026855
1569,0.5459670861881176
1570,0.21291719325986447
1571,0.5072124370246214
1572,0.46041890153144893
1573,0.40678715179635616
1574,0.5608269000160087
1575,0.6787020190809823
1576,0.24121466396240407
1577,0.4357038295564027
1578,0.4402910380083721
1579,0.46924872685136754
1580,0.5047459359491806
1581,0.15727380635735239
1582,0.5549999398849736
1583,0.4037472930961675
1584,0.7141421768647339
1585,0.7996889269428248
1586,0.5063901552104704
1587,0.3186005538639113
1588,0.46883137009866127
1589,0.25405860658161494
1590,0.638593946748254
1591,0.2015928872460584
1592,0.5061391747069213
1593,0.46898240745125297
1594,0.34888823595360097
1595,0.6475946139835009
1596,0.4085691835049366
1597,0.3733972392190033
1598,0.354233478813175
1599,0.339802179765173
1600,0.5698380164156791
1601,0.47217374632444464
1602,0.8260069743933619
1603,0.19982379388066812
1604,0.7411165726745952
1605,0.5012395927754485
1606,0.22851416030646615
1607,0.6786141941248331
1608,0.4067604072921984
1609,0.21283224338751489
1610,0.28792124245552697
1611,0.6564535483867037
1612,0.5456268640425217
1613,0.22764427249006966
1614,0.5422324610287288
1615,0.24626270225324165
1616,0.3579783040296207
1617,0.5082036324762906
1618,0.6588428665068153
1619,0.2964644826292757
1620,0.6725672083574721
1621,0.25539698135979194
1622,0.15559281514787604
1623,0.24769783163886047
1624,0.3490377840108073
1625,0.3459126335413255
1626,0.41240479146600256
1627,0.39522857740601935
1628,0.505280350003438
1629,0.7054769431395096
1630,0.48798147543315634
1631,0.6110213730306712
1632,0.41147385890131977
1633,0.6130889675773762
1634,0.90390391013089
1635,0.4069371004882669
1636,0.35277964186300054
1637,0.41419476777781683
1638,0.37501563556459283
1639,0.6601975240077814
1640,0.5246266808506578
1641,0.5692907688210538
1642,0.32484057199551397
1643,0.4156692599945794
1644,0.13660799405630286
1645,0.5929406864781809
1646,0.36369043984973476
1647,0.7158691217481843
1648,0.4695323465701451
1649,0.47514316682571567
1650,0.5089711258321724
1651,0.28201378214634776
1652,0.4526083523494213
1653,0.3266357925761144
1654,0.711389335195555
1655,0.32629026657805044
1656,0.4026818573001021
1657,0.14986239310180763
1658,0.32345044461250516
1659,0.4663204578540494
1660,0.48489420825809565
1661,0.5136257841698411
1662,0.5548059648804036
1663,0.33411838940553346
1664,0.6921614528704196
1665,0.5119617326426876
1666,0.3489626365421431
1667,0.34327741872179074
1668,0.6946164840208351
1669,0.47849152321807525
1670,0.44611916957276376
1671,0.30923033006898903
1672,0.7550054462429137
1673,0.5422050298392738
1674,0.30966334436043724
1675,0.2697768410398378
1676,0.1622829308809524
1677,0.5650338719270034
1678,0.4366851034832028
1679,0.41147385890131977
1680,0.4430258015309879
1681,0.46068061912668445
1682,0.3361669523299482
1683,0.4601707759109316
1684,0.4695323465701451
1685,0.43711964618154053
1686,0.324045483785785
1687,0.4722577439638711
1688,0.8120430835514406
1689,0.22056833639125034
1690,0.5062494586089591
1691,0.10412455232920145
1692,0.6629746293313199
1693,0.43733114668262124
1694,0.38055035814775195
1695,0.5090908952645017
1696,0.48815601580095347
1697,0.543779641859245
1698,0.15826552210288927
1699,0.276105641190586
1700,0.484173561480353
1701,0.2946500314694953
1702,0.17340272130089696
1703,0.507116970801792
1704,0.5132132202596789
1705,0.5068166054358323
1706,0.5197630864898208
1707,0.28480502468532826
1708,0.5727682083384777
1709,0.36264223680621965
1710,0.41608332398197334
1711,0.5095061110459158
1712,0.6685220494385038
1713,0.23235465856589083
1714,0.15112243474912845
1715,0.11932854076896676
1716,0.3272332563061582
1717,0.6044394100363919
1718,0.42567191429296053
1719,0.7154063855470858
1720,0.4906091819423554
1721,0.43688122791182704
1722,0.1701855141540512
1723,0.10783500907071154
1724,0.293850874081772
1725,0.276105641190586
1726,0.5061579927463737
1727,0.1932475444526005
1728,0.49635908139734974
1729,0.3557795390540899
1730,0.3480511888970597
1731,0.4496907756501942
1732,0.2253653878542714
1733,0.3969258623742707
1734,0.3076527955868447
1735,0.6816443472738694
1736,0.4822548947901163
1737,0.401768970193656
1738,0.37944253687952584
1739,0.390600493548733
1740,0.5802013332946893
1741,0.4731278309299609
1742,0.3923568623254297
1743,0.5017078975838769
1744,0.4592042396054017
1745,0.4601832531762311
1746,0.5923687683576322
1747,0.5496482565231058
1748,0.4740700524383594
1749,0.44914466401520725
1750,0.4219602349589646
1751,0.33178137267388685
1752,0.36023406196678887
1753,0.452758314235831
1754,0.19580917972933276
1755,0.284558267157487
1756,0.48234829043203153
1757,0.6395710574411593
1758,0.24888077262198532
1759,0.4385883480895415
1760,0.7318598205474777
1761,0.538660273000862
1762,0.2603900678550256
1763,0.48339314157491275
1764,0.6754645864361795
1765,0.569002774753876
1766,0.792950693125249
1767,0.37768445367675074
1768,0.3876957944981885
1769,0.5895329534245857
1770,0.19816981488723984
1771,0.1877310628726624
1772,0.5453676621165332
1773,0.363419671895743
1774,0.3410559110890069
1775,0.9869793304680572
1776,0.37768445367675074
1777,0.5876901850218905
1778,0.5669159601020506
1779,0.2322445777324153
1780,0.22265403353983115
1781,0.29579764801836694
1782,0.4822548947901163
1783,0.19974861411436085
1784,0.5691385920630381
1785,0.5422050298392738
1786,0.5719940095423885
1787,0.5363440936898293
1788,0.2830428426202763
1789,0.447953367582617
1790,0.23831570607909047
1791,0.22564915273347236
1792,0.4624763446181579
1793,0.4686278863764053
1794,0.8381020178133156
1795,0.3961484358333671
1796,0.4201657976387555
1797,0.29339303222691626
1798,0.4710967884900731
1799,0.5148152146422358
1800,0.4943697915834238
1801,0.4206315473373374
1802,0.18346474326280832
1803,0.6286628162368846
1804,0.2634021896237684
1805,0.4363994962371157
1806,0.25051429958660154
1807,0.5363304988557315
1808,0.22070260052247043
1809,0.3934998129566886
1810,0.47678319335297237
1811,0.21525710438422385
1812,0.7295594469593446
1813,0.3593265296786299
1814,0.580772690461558
1815,0.6823143850986473
1816,0.33434936568186535
1817,0.33121638758348093
1818,0.5694489084451138
1819,0.13809183171413658
1820,0.3003550799054736
1821,0.4774305882578477
1822,0.3957673878034999
1823,0.841129297202347
1824,0.45705620855289275
1825,0.36666311886662784
1826,0.5030516852181656
1827,0.7496126823387981
1828,0.2778071027397071
1829,0.48129597593226175
1830,0.48744564094185977
1831,0.18730628386556764
1832,0.5715747649147347
1833,0.4815469809608817
1834,0.4841462732287327
1835,0.4563022527374803
1836,0.8182218761417762
1837,0.11827716092276663
1838,0.42101485801473326
1839,0.5188962124870204
1840,0.11837509847966743
1841,0.5956054046165666
1842,0.8490966368968069
1843,0.38926111379396267
1844,0.5040035286438868
1845,0.8869491053916281
1846,0.41204834388264805
1847,0.573854266588087
1848,0.35559927580201767
1849,0.653483579010442
1850,0.8523851927617789
1851,0.24330796451036824
1852,0.5371651939239797
1853,0.564274867576559
1854,0.37949435044048957
1855,0.39799440353539917
1856,0.0829245983213468
1857,0.5452218041680663
1858,0.4489202927281115
1859,0.34835705264785743
1860,0.4144701842945147
1861,0.30119643070868607
1862,0.3809151546496155
1863,0.6028829457514424
1864,0.43827857377154483
1865,0.4329078088795559
1866,0.7554271150474985
1867,0.6824794857051657
1868,0.4889569991424622
1869,0.6683309715887651
1870,0.37798787325494143
1871,0.6016833912042162
1872,0.5718265332392456
1873,0.28369339360936363
1874,0.10783500907071154
1875,0.7318598205474777
1876,0.4347732690722552
1877,0.18967706863993533
1878,0.24144471363485953
1879,0.3921167458082906
1880,0.4389416207378477
1881,0.16704113832100786
1882,0.7934567451065846
1883,0.4825878661478572
1884,0.521684341531148
1885,0.4035042567042939
1886,0.480464544297325
1887,0.7269136574847996
1888,0.5556478992870866
1889,0.315049980000915
1890,0.8298556108688522
1891,0.45014618316447413
1892,0.43732306573092095
1893,0.7213004028782297
1894,0.29243839283761736
1895,0.6584025335696704
1896,0.9175115130560637
1897,0.5737463683392493
1898,0.5789297384996573
1899,0.16890197256472084
1900,0.5477700084008787
1901,0.4555135859904639
1902,0.4928066333672282
1903,0.4470245278612874
1904,0.5795682238651538
1905,0.40568290100460896
1906,0.29203308430618746
1907,0.483547941393307
1908,0.6574251043268109
1909,0.3904922298405416
1910,0.4525994513721622
1911,0.3066454626508116
1912,0.31168064005387897
1913,0.5424253211966348
1914,0.32573246824441937
1915,0.48320828913953745
1916,0.4676360435238678
1917,0.45711046601377747
1918,0.46707147456527376
1919,0.21368815274753292
1920,0.5728319301225069
1921,0.3309418029093495
1922,0.4623420247959492
1923,0.4695323465701451
1924,0.6737278910978987
1925,0.4124631149448764
1926,0.7811676258542093
1927,0.39510110124528897
1928,0.4708253160632865
1929,0.25539698135979194
1930,0.4690746747135691
1931,0.41240479146600256
1932,0.3847225450507236
1933,0.37475050870480275
1934,0.514188519749041
1935,0.4678536611213852
1936,0.5854585373202861
1937,0.44354386040124516
1938,0.3457049426814659
1939,0.6084613968985251
1940,0.22398229387685836
1941,0.5694167990993191
1942,0.51761805755835
1943,0.4906091819423554
1944,0.4434705601102392
1945,0.10878735425974309
1946,0.2513753781460495
1947,0.4803122457082696
1948,0.4915686914211481
1949,0.9081202452681645
1950,0.45780246004754954
1951,0.7577545138400743
1952,0.5517959473628711
1953,0.24944383537633216
1954,0.3244601547187189
1955,0.17340272130089696
1956,0.20300634367305537
1957,0.5313803140490984
1958,0.2794318988901514
1959,0.5896492431383866
1960,0.6568764737482431
1961,0.47943482541156407
1962,0.4206509656562507
1963,0.7240716640224925
1964,0.7466899775170961
1965,0.5385685277449319
1966,0.32791071969681684
1967,0.3677245425921971
1968,0.3547123221236824
1969,0.4060152824761175
1970,0.45862957639989654
1971,0.6550706274660387
1972,0.2363153928027365
1973,0.7095324697876446
1974,0.33974683883160084
1975,0.4750138864693299
1976,0.9211897429708805
1977,0.8100335106897523
1978,0.9087258300218395
1979,0.24236244850955563
1980,0.5018516749948432
1981,0.45705620855289275
1982,0.08430120724941065
1983,0.5268902514292813
1984,0.42567191429296053
1985,0.4851750801130949
1986,0.4601707759109316
1987,0.5058324464552877
1988,0.32579406279524015
1989,0.5930293297825135
1990,0.4311068436813552
1991,0.3570077361811824
1992,0.2962997091271521
1993,0.43711964618154053
1994,0.11420545925076447
1995,0.7762328656785882
1996,0.16031023909664738
1997,0.8116678294118256
1998,0.2925995908016105
1999,0.33382987612831694
2000,0.16334804945369258
2001,0.5346186410216758
2002,0.41325225282787736
2003,0.47829198373283316
2004,0.48068306265991967
2005,0.35552488179943864
2006,0.4864649819742609
2007,0.5791040863780268
2008,0.42799433159145023
2009,0.2139480420073233
2010,0.5292478146785169
2011,0.4357828723918556
2012,0.6655824048503445
2013,0.43050192443178703
2014,0.22094684436073325
2015,0.18308279910288086
2016,0.5980034590722647
2017,0.4548849695256203
2018,0.349757546539637
2019,0.1301773729659685
2020,0.22974747928556458
2021,0.11245783901473172
2022,0.33006385907796987
2023,0.258028220197145
2024,0.4682189646235624
2025,0.5082852707829935
2026,0.4400676913098276
2027,0.8369977374597681
2028,0.4528288439668473
2029,0.4297318804399246
2030,0.4938766250690705
2031,0.507911184509322
2032,0.7713861675539349
2033,0.7338250069498178
2034,0.6208588193460716
2035,0.8256574602971107
2036,0.33604476445157383
2037,0.43831947722126013
2038,0.4961849666548904
2039,0.22655507661616842
2040,0.4276340610760365
2041,0.5865868251747549
2042,0.6932975243683457
2043,0.23870761915697236
2044,0.4777986899353378
2045,0.29422807754736835
2046,0.13802076649655098
2047,0.4375158676700351
2048,0.38820923251919626
2049,0.543327572891432
2050,0.52024558805475
2051,0.6754600057380686
2052,0.47802616007001664
2053,0.818287313612711
2054,0.41147385890131977
2055,0.44611916957276376
2056,0.5999023616586043
2057,0.36829633584167776
2058,0.4613072917660189
2059,0.41630677433870916
2060,0.293850874081772
2061,0.9498453600151147
2062,0.4357828723918556
2063,0.5361056101780725
2064,0.3551524884779612
2065,0.4523824907513322
2066,0.5249657307901539
2067,0.09195915610554777
2068,0.3642890555630209
2069,0.3710790390591576
2070,0.23625772314215937
2071,0.5541559723623821
2072,0.4214862241799172
2073,0.46044121640660707
2074,0.15112243474912845
2075,0.33778950581275924
2076,0.2322445777324153
2077,0.2962997091271521
2078,0.8794801287043961
2079,0.4711091896600641
2080,0.49671011117553066
2081,0.7661444961675692
2082,0.21139811383530574
2083,0.24121466396240407
2084,0.5482575365229521
2085,0.2513734978169118
2086,0.3362992459911323
2087,0.4557751469078505
2088,0.6456370358491161
2089,0.8509781254593807
2090,0.6204772574964132
2091,0.703741137041849
2092,0.44773010900895616
2093,0.5166325502505389
2094,0.43733895675488466
2095,0.8562030970078394
2096,0.447549979533422
2097,0.48362146007737733
2098,0.4943697915834238
2099,0.6217102571653417
2100,0.5732842584232589
2101,0.4463286967756718
2102,0.7317182562692671
2103,0.5328567300309273
2104,0.4899167503061157
2105,0.31498058218475133
2106,0.33660106554500036
2107,0.5378953839028402
2108,0.5502664491513791
2109,0.23852755131052378
2110,0.6583922117767305
2111,0.46794069769976837
2112,0.40301873409416733
2113,0.2981082896642002
2114,0.5908321318493697
2115,0.4985683931005773
2116,0.17045846859371983
2117,0.48074468702676054
2118,0.4320697805087864
2119,0.4695323465701451
2120,0.4982517186385358
2121,0.42945747386021527
2122,0.1977378924869537
2123,0.4284071073265132
2124,0.5582371235105587
2125,0.15632082249597473
2126,0.4682446482841002
2127,0.4112724180340514
2128,0.4599974587040584
2129,0.2711659884695464
2130,0.129714165927095
2131,0.3912047363154433
2132,0.24609832887599925
2133,0.4032465152952568
2134,0.4260679436542388
2135,0.4144701842945147
2136,0.6068863486006661
2137,0.563383986668688
2138,0.3428171413272519
2139,0.4515425742157284
2140,0.4658700609853942
2141,0.12348653768685044
2142,0.4124357877379984
2143,0.43423476239376346
2144,0.4241727362163398
2145,0.6052643316445483
2146,0.24738510987426376
2147,0.401768970193656
2148,0.48587996608980355
2149,0.5558916668518625
2150,0.4362771188785341
2151,0.9201175976511131
2152,0.4143177658243434
2153,0.2444327151316862
2154,0.4480189976022074
2155,0.6243053275190991
2156,0.5164402059486177
2157,0.36029580897192254
2158,0.5336589234879312
2159,0.47725209108632877
2160,0.4456518696901134
2161,0.1554825479458552
2162,0.36332586869907635
2163,0.4862887860270807
